{
  "client.dll": {
    "dwCSGOInput": 27081576,
    "dwEntityList": 26641656,
    "dwGameEntitySystem": 27820440,
    "dwGameEntitySystem_highestEntityIndex": 5392,
    "dwGameRules": 27022568,
    "dwGlobalVars": 24933624,
    "dwGlowManager": 27022600,
    "dwLocalPlayerController": 26968408,
    "dwLocalPlayerPawn": 24983536,
    "dwPlantedC4": 27061960,
    "dwPrediction": 24983184,
    "dwSensitivity": 27028168,
    "dwSensitivity_sensitivity": 64,
    "dwViewAngles": 27105512,
    "dwViewMatrix": 27042944,
    "dwViewRender": 27044880,
    "dwWeaponC4": 26658048
  },
  "engine2.dll": {
    "dwBuildNumber": 5437428,
    "dwNetworkGameClient": 5434240,
    "dwNetworkGameClient_clientTickCount": 376,
    "dwNetworkGameClient_deltaTick": 636,
    "dwNetworkGameClient_isBackgroundMap": 2626679,
    "dwNetworkGameClient_localPlayer": 240,
    "dwNetworkGameClient_maxClients": 624,
    "dwNetworkGameClient_serverTickCount": 372,
    "dwNetworkGameClient_signOnState": 608,
    "dwWindowHeight": 6245364,
    "dwWindowWidth": 6245360
  },
  "inputsystem.dll": {
    "dwInputSystem": 227296
  },
  "matchmaking.dll": {
    "dwGameTypes": 1720768,
    "dwGameTypes_mapName": 288
  },
  "soundsystem.dll": {
    "dwSoundSystem": 3362352,
    "dwSoundSystem_engineViewData": 124
  }
}